日付,まで,対象,種類,時限,時刻,内容,場所
2026-10-05,2026-10-06,全員,休み,,,休業日（10/6は開校記念日）,
2026-10-12,,全員,休み,,,スポーツの日,
2026-10-14,,3年普通科,行事,,,3年 模試,
2026-10-20,,2年,カット,1,,2限から登校,
2026-10-20,,2年,差し替え,2-4,,修学旅行事前指導,
2026-10-22,,2年,差し替え,3-4,,修学旅行事前指導,
2026-10-22,,2年,カット,5-6,,午後はなし（午前授業）,
2026-10-23,2026-10-26,2年,休み,,,2年 修学旅行,
2026-10-23,,3年普通科,行事,,,3年 模試,
2026-10-26,2026-10-30,3年普通科,行事,,,午後は3年 進路面談,
2026-10-27,,1年普通科,行事,,,1年 講演会（午後）,
2026-10-27,2026-10-28,2年,休み,,,2年 代休,
2026-11-02,,全員,行事,,,衣替え,
2026-11-02,,普通科,行事,,,模試（1〜3年 普通科）,
2026-11-02,2026-11-06,1B,行事,,,1B 施設実習,
2026-11-03,,全員,休み,,,文化の日,
2026-11-10,,1年普通科,差し替え,5-7,,総合 中間発表,
2026-11-10,,2年普通科,行事,,,5限 見学,
2026-11-11,,2E 2F,行事,,,午後 化学：国際環境技術展,
2026-11-11,,2E 2F,差し替え,5-7,,国際環境技術展,
2026-11-18,2026-11-20,全員,行事,,,第3回定期考査（科目と時間は考査時間割で確認）,
2026-11-18,2026-11-20,全員,差し替え,1-4,,定期考査,
2026-11-18,2026-11-20,全員,カット,5-7,,午前で終わり,
2026-11-23,,全員,休み,,,勤労感謝の日,
2026-12-07,2026-12-11,全員,行事,,,後期三者面談期間（午前授業）,
2026-12-07,2026-12-11,全員,カット,5-7,,午前で終わり,
2026-12-14,,全員,カット,7,,7限なし（6時間授業）,
2026-12-15,2026-12-16,3年普通科,行事,,,校内共通テストプレ（本番と同じ形で実施）,
2026-12-18,,1A 2A 3A,行事,,,生活科学科 課題研究発表会,
2026-12-22,,全員,差し替え,5,,集会,
2026-12-22,,全員,差し替え,6,,ＬＨＲ,
2026-12-22,,全員,カット,7,,7限なし,
2026-12-23,2027-01-07,全員,休み,,,冬季休業（〜1/7）,
2027-01-08,,1年 2年,行事,,,1・2年 平常授業,
2027-01-11,,全員,休み,,,成人の日,
2027-01-14,,全員,カット,7,,7限なし（6時間授業）,
2027-01-19,,全員,行事,,,第4回定期考査A,
2027-01-19,2027-01-22,全員,カット,7,,7限なし（6時間授業）,
2027-01-28,,1年普通科 2年普通科,行事,,,模試（1・2年 普通科）,
2027-02-02,,全員,カット,5-7,,午前で終わり,
2027-02-03,,全員,休み,,,生徒家庭学習日,
2027-02-11,,全員,休み,,,建国記念の日,
2027-02-15,,全員,カット,5-7,,午前で終わり,
2027-02-15,,2年普通科,行事,,,2年 模試（午前）,
2027-02-16,2027-02-18,全員,休み,,,臨時休業,
2027-02-16,2027-02-18,2年普通科,行事,,,2年 英語講座（校外）,
2027-02-22,,全員,行事,,,第4回定期考査B,
2027-02-22,2027-02-26,全員,カット,7,,7限なし（6時間授業）,
2027-02-23,,全員,休み,,,天皇誕生日,
2027-02-26,,1年普通科 2年普通科,行事,,,模試（1・2年 普通科）,
2027-03-01,2027-03-24,全員,カット,5-7,,午前で終わり,
2027-03-05,,全員,差し替え,1-2,,送別会,
2027-03-05,,全員,差し替え,3-4,,卒業式予行,
2027-03-06,,全員,行事,,,卒業式（午前）,
2027-03-08,,全員,休み,,,卒業式代休,
2027-03-22,,全員,休み,,,春分の日,
2027-03-23,,全員,差し替え,1-3,,教科書販売,
2027-03-23,,全員,差し替え,4,,生徒総会,
2027-03-24,,全員,差し替え,1-2,,修了式・離任式,
2027-03-24,,全員,差し替え,3-4,,学年集会・大掃除・HR,
2027-03-25,,全員,行事,,,弥生祭,
2027-03-26,2027-03-31,全員,休み,,,学年末休業,
